-- Supprimez les données existantes si nécessaire
TRUNCATE TABLE boxs;
TRUNCATE TABLE aliments;
TRUNCATE TABLE boxs_aliments;

INSERT INTO boxs (id, nom, pieces, prix, img, saveurs) VALUES
    (1, 'Tasty Blend', 12, 12.50, '../../../assets/tasty-blend.jpg', 'saumon,avocat,cheese'),
    (2, 'Amateur Mix', 18, 15.90, '../../../assets/amateur-mix.jpg', 'coriandre,saumon,avocat,cheese'),
    (3, 'Saumon Original', 11, 12.50, '../../../assets/saumon-original.jpg', 'saumon,avocat'),
    (4, 'Salmon Lovers', 18, 15.90, '../../../assets/salmon-lovers.jpg', 'coriandre,saumon,avocat'),
    (5, 'Salmon Classic', 10, 15.90, '../../../assets/salmon-classic.jpg', 'saumon'),
    (6, 'Master Mix', 12, 15.90, '../../../assets/master-mix.jpg', 'saumon,thon,avocat'),
    (7, 'Sunrise', 18, 15.90, '../../../assets/sunrise.jpg', 'saumon,thon,avocat,cheese'),
    (8, 'Sando Box Chicken Katsu', 13, 15.90, '../../../assets/sando-box-chicken-katsu.jpg', 'saumon,viande,avocat,cheese'),
    (9, 'Sando Box Salmon Aburi', 13, 15.90, '../../../assets/sando-box-salmon-aburi.jpg', 'saumon,thon,avocat'),
    (10, 'Super Salmon', 24, 19.90, '../../../assets/super-salmon.jpg', 'coriandre,saumon,avocat,cheese'),
    (11, 'California Dream', 24, 19.90, '../../../assets/california-dream.jpg', 'spicy,saumon,thon,crevette,viande,avocat'),
    (12, 'Gourmet Mix', 22, 24.50, '../../../assets/gourmet-mix.jpg', 'coriande,spicy,saumon,viande,avocat,seriole lalandi'),
    (13, 'Fresh Mix', 22, 24.50, '../../../assets/fresh-mix.jpg', 'spicy,saumon,thon,avocat,cheese');

INSERT INTO aliments (nom, quantite) VALUES
    ('California Saumon Avocat', 3),
    ('Sushi Saumon', 3),
    ('Spring Avocat Cheese', 3),
    ('California pacific', 3),
    ('Edamame/Salade de chou', 1),
    ('Maki Salmon Roll', 3),
    ('Spring Saumon Avocat', 3),
    ('Maki Cheese Avocat', 6),
    ('California Saumon Avocat', 3),
    ('Edamame/Salade de chou', 1),
    ('California Saumon Avocat', 6),
    ('Sushi Saumon', 5),
    ('Edamame/Salade de chou', 1),
    ('California Saumon Avocat', 6),
    ('Spring Saumon Avocat', 6),
    ('Sushi Saumon', 6),
    ('Edamame/Salade de chou', 1),
    ('Sushi Saumon', 10),
    ('Edamame/Salade de chou', 1),
    ('Sushi Saumon', 4),
    ('Sushi Thon', 2),
    ('California Thon Avocat', 3),
    ('California Saumon Avocat', 3),
    ('Edamame / Salade de chou', 1),
    ('Maki Salmon Roll', 6),
    ('California Saumon Avocat', 6),
    ('California Thon Cuit Avocat', 6),
    ('Edamame / Salade de chou', 1),
    ('Sando Chicken Katsu', 0.5),
    ('Maki Salmon Roll', 6),
    ('California Saumon Avocat', 6),
    ('California Thon Cuit Avocat', 6),
    ('Edamame / Salade de chou', 1),
    ('Sando Salmon Aburi', 0.5),
    ('California Saumon Avocat', 6),
    ('California Thon Cuit Avocat', 6),
    ('Edamame / Salade de chou', 1),
    ('California Saumon Avocat', 6),
    ('Maki Salmon Roll', 6),
    ('Maki Salmon', 6),
    ('Spring Saumon Avocat', 6),
    ('Edamame / Salade de chou', 1),
    ('California Saumon Avocat', 6),
    ('California Crevette', 6),
    ('California Thon Cuit Avocat', 6),
    ('California Chicken Katsu', 6),
    ('Edamame / Salade de chou', 1),
    ('Spring tataki Saumon', 6),
    ('Signature Dragon Roll', 4),
    ('California French Touch', 3),
    ('California French salmon', 6),
    ('California Yellowtail Ponzu', 3),
    ('Edamame / Salade de chou', 1),
    ('Signature Rock''n Roll', 4),
    ('Maki Salmon Roll', 6),
    ('California Pacific', 6),
    ('Sushi Salmon', 4),
    ('Sushi Saumon Tsukudani', 2),
    ('Edamame / Salade de chou', 1);




INSERT INTO boxs_aliments (boxs_id, aliments_id) VALUES
    (1, 1), (1, 2), (1, 3), (1, 4), (1, 5),
    (2, 6), (2, 7), (2, 8), (2, 9), (2, 10),
    (3, 11), (3, 12), (3, 13),
    (4, 14), (4, 15), (4, 16), (4, 17),
    (5, 18), (5, 19),
    (6, 20), (6, 21), (6, 22), (6, 23), (6, 24),
    (7, 25), (7, 26),
    (8, 27), (8, 28), (8, 29), (8, 30),
    (9, 31), (9, 32), (9, 33), (9, 34),
    (10, 35), (10, 36), (10, 37), (10, 38), (10, 39),
    (11, 40), (11, 41), (11, 42), (11, 43), (11, 44),
    (12, 45), (12, 46), (12, 47), (12, 48), (12, 49), (12, 50),
    (13, 51), (13, 52), (13, 53), (13, 54), (13, 55), (13, 56);